Country,Region/Zone,lon,lat,Type of Disease,Target Disease,,Year(s),Doi,
Morocco,Zagora province (2005),-5.86793,30.301,zoonotic cutaneous leishmaniasis,Cutaneous leishmaniasis,point data,2005,https://doi.org/10.3390/microorganisms10122391,
Morocco,Zagora province (2017),-5.11778,30.67239,zoonotic cutaneous leishmaniasis,Cutaneous leishmaniasis,point data,2017,,
Morocco,Errachidia Province (2012–2017),-4.435,31.91806,zoonotic cutaneous leishmaniasis,Cutaneous leishmaniasis,point data,2012–2017,,
Morocco,Errachidia (Urban),-4.43218,31.92952,zoonotic cutaneous leishmaniasis,Cutaneous leishmaniasis,point data,2004–2013,,
Morocco,Errachidia (Rural),-4.26778,31.85028,zoonotic cutaneous leishmaniasis,Cutaneous leishmaniasis,point data,2004–2013,,
Morocco,Errachidia (1990–2009),-4.432,31.92944,zoonotic cutaneous leishmaniasis,Cutaneous leishmaniasis,point data,1990–2009,,
Morocco,Errachidia (2012–2020),-4.43278,31.92999,zoonotic cutaneous leishmaniasis,Cutaneous leishmaniasis,point data,2012–2020,,
Morocco,Ouarzazate province,-6.91944,30.93306,zoonotic cutaneous leishmaniasis,Cutaneous leishmaniasis,point data,2002–2009,,
Algeria,El Hodna (range midpoint),4.675,35.4,zoonotic cutaneous leishmaniasis,Cutaneous leishmaniasis,point data,1995–2000,,
Algeria,Saida,0.14561,34.84152,zoonotic cutaneous leishmaniasis,Cutaneous leishmaniasis,point data,1990–2009,,
Tunisia,"Bir Badr, Hichria, Zefzef (Sidi Bouzid)",9.37694,34.8125,zoonotic cutaneous leishmaniasis,Cutaneous leishmaniasis,point data,2009–2015,, 
Tunisia,"R’milia, Sidi Bouzid (1995)",9.6,35.76667,zoonotic cutaneous leishmaniasis,Cutaneous leishmaniasis,point data,1995,,
Tunisia,"R’milia, Sidi Bouzid (1996)",9.6,35.76667,zoonotic cutaneous leishmaniasis,Cutaneous leishmaniasis,point data,1996,,
Tunisia,"R’milia, Sidi Bouzid (1997)",9.6,35.76667,zoonotic cutaneous leishmaniasis,Cutaneous leishmaniasis,point data,1997,,
Tunisia,Sidi Bouzid (1991–2007),9.5,35.03333,zoonotic cutaneous leishmaniasis,Cutaneous leishmaniasis,point data,1991–2007,,
Tunisia,"Village of Felta, Sidi Bouzid",8.7025,34.82417,zoonotic cutaneous leishmaniasis,Cutaneous leishmaniasis,point data,2004–2005,,
Tunisia,Central Tunisia,9.37694,34.8125,zoonotic cutaneous leishmaniasis,Cutaneous leishmaniasis,point data,2009–2014,,
Algeria,Ain Oussera,2.9,35.451,Cutaneous leishmaniasis,Cutaneous leishmaniasis,point data,2006 - 2021,https://doi.org/10.3390/microorganisms11102608,
Algeria,Hassi Bahbah,3.06,35.0647,Cutaneous leishmaniasis,Cutaneous leishmaniasis,point data,2006 - 2021,,
Algeria,Djelfa,3.25,34.67,Cutaneous leishmaniasis,Cutaneous leishmaniasis,point data,2006 - 2021,,
Algeria,Messaad,3.66667,34.15,Cutaneous leishmaniasis,Cutaneous leishmaniasis,point data,2006 - 2021,,
Algeria,Guettara,2.9,33.75,Cutaneous leishmaniasis,Cutaneous leishmaniasis,point data,2006 - 2021,,
Morocco,Morroco 1.2.1,-8.740615225,31.54535185,Leishmania infantum,Cutaneous leishmaniasis,polygon data,1980-2013,https://doi.org/10.1051/parasite/2014014,
Morocco,Morroco 1.2.1,-8.648341578,31.56912311,Leishmania infantum,Cutaneous leishmaniasis,polygon data,1980-2013,,
Morocco,Morroco 1.2.1,-8.618298996,31.67875807,Leishmania infantum,Cutaneous leishmaniasis,polygon data,1980-2013,,
Morocco,Morroco 1.2.1,-8.517441754,31.6915404,Leishmania infantum,Cutaneous leishmaniasis,polygon data,1980-2013,,
Morocco,Morroco 1.2.1,-8.435897601,31.6915404,Leishmania infantum,Cutaneous leishmaniasis,polygon data,1980-2013,,
Morocco,Morroco 1.2.1,-8.337186258,31.66962676,Leishmania infantum,Cutaneous leishmaniasis,polygon data,1980-2013,,
Morocco,Morroco 1.2.1,-8.227745421,31.68788848,Leishmania infantum,Cutaneous leishmaniasis,polygon data,1980-2013,,
Morocco,Morroco 1.2.1,-8.144055369,31.67510565,Leishmania infantum,Cutaneous leishmaniasis,polygon data,1980-2013,,
Morocco,Morroco 1.2.1,-8.103283292,31.65684141,Leishmania infantum,Cutaneous leishmaniasis,polygon data,1980-2013,,
Morocco,Morroco 1.2.1,-8.114012786,31.54718063,Leishmania infantum,Cutaneous leishmaniasis,polygon data,1980-2013,,
Morocco,Morroco 1.2.1,-8.114012786,31.50328017,Leishmania infantum,Cutaneous leishmaniasis,polygon data,1980-2013,,
Morocco,Morroco 1.2.1,-8.114012786,31.40076561,Leishmania infantum,Cutaneous leishmaniasis,polygon data,1980-2013,,
Morocco,Morroco 1.2.1,-8.116158685,31.36779068,Leishmania infantum,Cutaneous leishmaniasis,polygon data,1980-2013,,
Morocco,Morroco 1.2.1,-8.10757509,31.33663707,Leishmania infantum,Cutaneous leishmaniasis,polygon data,1980-2013,,
Morocco,Morroco 1.2.1,-8.133325875,31.32930531,Leishmania infantum,Cutaneous leishmaniasis,polygon data,1980-2013,,
Morocco,Morroco 1.2.1,-8.165514356,31.32747228,Leishmania infantum,Cutaneous leishmaniasis,polygon data,1980-2013,,
Morocco,Morroco 1.2.1,-8.165514356,31.30180612,Leishmania infantum,Cutaneous leishmaniasis,polygon data,1980-2013,,
Morocco,Morroco 1.2.1,-8.161222559,31.2596251,Leishmania infantum,Cutaneous leishmaniasis,polygon data,1980-2013,,
Morocco,Morroco 1.2.1,-8.161222559,31.24678366,Leishmania infantum,Cutaneous leishmaniasis,polygon data,1980-2013,,
Morocco,Morroco 1.2.1,-8.199848737,31.21559002,Leishmania infantum,Cutaneous leishmaniasis,polygon data,1980-2013,,
Morocco,Morroco 1.2.1,-8.234183117,31.20274259,Leishmania infantum,Cutaneous leishmaniasis,polygon data,1980-2013,,
Morocco,Morroco 1.2.1,-8.225599522,31.1770425,Leishmania infantum,Cutaneous leishmaniasis,polygon data,1980-2013,,
Morocco,Morroco 1.2.1,-8.551776134,31.16418983,Leishmania infantum,Cutaneous leishmaniasis,polygon data,1980-2013,,
Morocco,Morroco 1.2.1,-8.796408593,31.17520651,Leishmania infantum,Cutaneous leishmaniasis,polygon data,1980-2013,,
Morocco,Morroco 1.2.1,-8.800700391,31.26145945,Leishmania infantum,Cutaneous leishmaniasis,polygon data,1980-2013,,
Morocco,Morroco 1.2.1,-8.798554492,31.27796699,Leishmania infantum,Cutaneous leishmaniasis,polygon data,1980-2013,,
Morocco,Morroco 1.2.1,-8.850056062,31.27980099,Leishmania infantum,Cutaneous leishmaniasis,polygon data,1980-2013,,
Morocco,Morroco 1.2.1,-8.847910164,31.4465449,Leishmania infantum,Cutaneous leishmaniasis,polygon data,1980-2013,,
Morocco,Morroco 1.2.1,-8.796408593,31.45203691,Leishmania infantum,Cutaneous leishmaniasis,polygon data,1980-2013,,
Morocco,Morroco 1.2.1,-8.794262694,31.5160866,Leishmania infantum,Cutaneous leishmaniasis,polygon data,1980-2013,,
Morocco,Morroco 1.2.1,-8.744907023,31.50876886,Leishmania infantum,Cutaneous leishmaniasis,polygon data,1980-2013,,
Morocco,Morroco 1.2.1,-8.736323428,31.5416942,Leishmania infantum,Cutaneous leishmaniasis,polygon data,1980-2013,,
Morocco,Morroco 1.2.1,-8.740615225,31.54535185,Leishmania infantum,Cutaneous leishmaniasis,polygon data,1980-2013,,
Morocco,Morrocco 1.2.2,-5.800733918,35.0121586,Leishmania infantum,Cutaneous leishmaniasis,polygon data,1980-2013,,
Morocco,Morrocco 1.2.2,-5.663396397,35.06135537,Leishmania infantum,Cutaneous leishmaniasis,polygon data,1980-2013,,
Morocco,Morrocco 1.2.2,-5.483140901,35.06135537,Leishmania infantum,Cutaneous leishmaniasis,polygon data,1980-2013,,
Morocco,Morrocco 1.2.2,-5.34580338,34.90663728,Leishmania infantum,Cutaneous leishmaniasis,polygon data,1980-2013,,
Morocco,Morrocco 1.2.2,-5.225633049,34.85030372,Leishmania infantum,Cutaneous leishmaniasis,polygon data,1980-2013,,
Morocco,Morrocco 1.2.2,-5.045377553,34.78688232,Leishmania infantum,Cutaneous leishmaniasis,polygon data,1980-2013,,
Morocco,Morrocco 1.2.2,-4.959541602,34.71635687,Leishmania infantum,Cutaneous leishmaniasis,polygon data,1980-2013,,
Morocco,Morrocco 1.2.2,-4.753535321,34.62458379,Leishmania infantum,Cutaneous leishmaniasis,polygon data,1980-2013,,
Morocco,Morrocco 1.2.2,-4.624781395,34.51856552,Leishmania infantum,Cutaneous leishmaniasis,polygon data,1980-2013,,
Morocco,Morrocco 1.2.2,-4.573279825,34.46904409,Leishmania infantum,Cutaneous leishmaniasis,polygon data,1980-2013,,
Morocco,Morrocco 1.2.2,-4.56469623,34.43365363,Leishmania infantum,Cutaneous leishmaniasis,polygon data,1980-2013,,
Morocco,Morrocco 1.2.2,-4.56469623,34.38408181,Leishmania infantum,Cutaneous leishmaniasis,polygon data,1980-2013,,
Morocco,Morrocco 1.2.2,-4.56469623,34.32739234,Leishmania infantum,Cutaneous leishmaniasis,polygon data,1980-2013,,
Morocco,Morrocco 1.2.2,-4.56469623,34.28485008,Leishmania infantum,Cutaneous leishmaniasis,polygon data,1980-2013,,
Morocco,Morrocco 1.2.2,-4.59903061,34.24228628,Leishmania infantum,Cutaneous leishmaniasis,polygon data,1980-2013,,
Morocco,Morrocco 1.2.2,-4.66769937,34.2209963,Leishmania infantum,Cutaneous leishmaniasis,polygon data,1980-2013,,
Morocco,Morrocco 1.2.2,-4.736368131,34.17129876,Leishmania infantum,Cutaneous leishmaniasis,polygon data,1980-2013,,
Morocco,Morrocco 1.2.2,-4.779286106,34.11446572,Leishmania infantum,Cutaneous leishmaniasis,polygon data,1980-2013,,
Morocco,Morrocco 1.2.2,-4.856538462,34.04337068,Leishmania infantum,Cutaneous leishmaniasis,polygon data,1980-2013,,
Morocco,Morrocco 1.2.2,-4.925207222,34.00068502,Leishmania infantum,Cutaneous leishmaniasis,polygon data,1980-2013,,
Morocco,Morrocco 1.2.2,-4.976708793,33.9864517,Leishmania infantum,Cutaneous leishmaniasis,polygon data,1980-2013,,
Morocco,Morrocco 1.2.2,-4.993875983,33.9864517,Leishmania infantum,Cutaneous leishmaniasis,polygon data,1980-2013,,
Morocco,Morrocco 1.2.2,-5.114046313,33.9864517,Leishmania infantum,Cutaneous leishmaniasis,polygon data,1980-2013,,
Morocco,Morrocco 1.2.2,-5.199882264,33.93661629,Leishmania infantum,Cutaneous leishmaniasis,polygon data,1980-2013,,
Morocco,Morrocco 1.2.2,-5.302885405,33.93661629,Leishmania infantum,Cutaneous leishmaniasis,polygon data,1980-2013,,
Morocco,Morrocco 1.2.2,-5.568976852,33.97221599,Leishmania infantum,Cutaneous leishmaniasis,polygon data,1980-2013,,
Morocco,Morrocco 1.2.2,-5.646229207,33.9864517,Leishmania infantum,Cutaneous leishmaniasis,polygon data,1980-2013,,
Morocco,Morrocco 1.2.2,-5.723481563,34.00068502,Leishmania infantum,Cutaneous leishmaniasis,polygon data,1980-2013,,
Morocco,Morrocco 1.2.2,-5.817901108,34.04337068,Leishmania infantum,Cutaneous leishmaniasis,polygon data,1980-2013,,
Morocco,Morrocco 1.2.2,-5.826484703,34.04337068,Leishmania infantum,Cutaneous leishmaniasis,polygon data,1980-2013,,
Morocco,Morrocco 1.2.2,-5.920904249,34.20679999,Leishmania infantum,Cutaneous leishmaniasis,polygon data,1980-2013,,
Morocco,Morrocco 1.2.2,-5.938071439,34.37699772,Leishmania infantum,Cutaneous leishmaniasis,polygon data,1980-2013,,
Morocco,Morrocco 1.2.2,-5.903737059,34.60339095,Leishmania infantum,Cutaneous leishmaniasis,polygon data,1980-2013,,
Morocco,Morrocco 1.2.2,-5.869402679,34.75867937,Leishmania infantum,Cutaneous leishmaniasis,polygon data,1980-2013,,
Morocco,Morrocco 1.2.2,-5.817901108,34.90663728,Leishmania infantum,Cutaneous leishmaniasis,polygon data,1980-2013,,
Morocco,Morrocco 1.2.2,-5.792150323,34.96293223,Leishmania infantum,Cutaneous leishmaniasis,polygon data,1980-2013,,
Morocco,Morrocco 1.2.2,-5.800733918,34.99106521,Leishmania infantum,Cutaneous leishmaniasis,polygon data,1980-2013,,
Morocco,Morrocco 1.2.2,-5.800733918,35.0121586,Leishmania infantum,Cutaneous leishmaniasis,polygon data,1980-2013,,
Algeria,Algeria 1.2.1,-0.925251925,35.60753929,Leishmania infantum,Cutaneous leishmaniasis,polygon data,1980-2013,,
Algeria,Algeria 1.2.1,-0.968169901,35.45386133,Leishmania infantum,Cutaneous leishmaniasis,polygon data,1980-2013,,
Algeria,Algeria 1.2.1,-0.908084735,35.3419108,Leishmania infantum,Cutaneous leishmaniasis,polygon data,1980-2013,,
Algeria,Algeria 1.2.1,-0.770747214,35.15965999,Leishmania infantum,Cutaneous leishmaniasis,polygon data,1980-2013,,
Algeria,Algeria 1.2.1,-0.702078454,35.06838106,Leishmania infantum,Cutaneous leishmaniasis,polygon data,1980-2013,,
Algeria,Algeria 1.2.1,-0.616242503,34.96293223,Leishmania infantum,Cutaneous leishmaniasis,polygon data,1980-2013,,
Algeria,Algeria 1.2.1,-0.530406553,34.91367627,Leishmania infantum,Cutaneous leishmaniasis,polygon data,1980-2013,,
Algeria,Algeria 1.2.1,-0.496072172,34.89255751,Leishmania infantum,Cutaneous leishmaniasis,polygon data,1980-2013,,
Algeria,Algeria 1.2.1,3.984564448,34.83621429,Leishmania infantum,Cutaneous leishmaniasis,polygon data,1980-2013,,
Algeria,Algeria 1.2.1,4.654084862,35.34891226,Leishmania infantum,Cutaneous leishmaniasis,polygon data,1980-2013,,
Algeria,Algeria 1.2.1,4.800005978,35.96960599,Leishmania infantum,Cutaneous leishmaniasis,polygon data,1980-2013,,
Algeria,Algeria 1.2.1,4.800005978,36.10842266,Leishmania infantum,Cutaneous leishmaniasis,polygon data,1980-2013,,
Algeria,Algeria 1.2.1,4.911592714,36.09455201,Leishmania infantum,Cutaneous leishmaniasis,polygon data,1980-2013,,
Algeria,Algeria 1.2.1,5.04034664,35.90010594,Leishmania infantum,Cutaneous leishmaniasis,polygon data,1980-2013,,
Algeria,Algeria 1.2.1,5.263520111,35.66334917,Leishmania infantum,Cutaneous leishmaniasis,polygon data,1980-2013,,
Algeria,Algeria 1.2.1,5.495277178,35.48881398,Leishmania infantum,Cutaneous leishmaniasis,polygon data,1980-2013,,
Algeria,Algeria 1.2.1,5.589696723,35.35591312,Leishmania infantum,Cutaneous leishmaniasis,polygon data,1980-2013,,
Algeria,Algeria 1.2.1,8.104690075,35.3419108,Leishmania infantum,Cutaneous leishmaniasis,polygon data,1980-2013,,
Algeria,Algeria 1.2.1,8.293529167,35.35591312,Leishmania infantum,Cutaneous leishmaniasis,polygon data,1980-2013,,
Algeria,Algeria 1.2.1,8.345030737,35.58660055,Leishmania infantum,Cutaneous leishmaniasis,polygon data,1980-2013,,
Algeria,Algeria 1.2.1,8.233444001,35.78181569,Leishmania infantum,Cutaneous leishmaniasis,polygon data,1980-2013,,
Algeria,Algeria 1.2.1,8.250611191,36.12229087,Leishmania infantum,Cutaneous leishmaniasis,polygon data,1980-2013,,
Algeria,Algeria 1.2.1,8.233444001,36.44058279,Leishmania infantum,Cutaneous leishmaniasis,polygon data,1980-2013,,
Algeria,Algeria 1.2.1,8.190526026,36.60613226,Leishmania infantum,Cutaneous leishmaniasis,polygon data,1980-2013,,
Algeria,Algeria 1.2.1,8.396532307,36.70253909,Leishmania infantum,Cutaneous leishmaniasis,polygon data,1980-2013,,
Algeria,Algeria 1.2.1,8.516702638,36.85379148,Leishmania infantum,Cutaneous leishmaniasis,polygon data,1980-2013,,
Algeria,Algeria 1.2.1,8.224860406,36.90185462,Leishmania infantum,Cutaneous leishmaniasis,polygon data,1980-2013,,
Algeria,Algeria 1.2.1,8.01027053,36.82631325,Leishmania infantum,Cutaneous leishmaniasis,polygon data,1980-2013,,
Algeria,Algeria 1.2.1,7.907267389,36.82631325,Leishmania infantum,Cutaneous leishmaniasis,polygon data,1980-2013,,
Algeria,Algeria 1.2.1,7.744179083,36.84005359,Leishmania infantum,Cutaneous leishmaniasis,polygon data,1980-2013,,
Algeria,Algeria 1.2.1,7.744179083,36.90871831,Leishmania infantum,Cutaneous leishmaniasis,polygon data,1980-2013,,
Algeria,Algeria 1.2.1,7.735595488,36.95674688,Leishmania infantum,Cutaneous leishmaniasis,polygon data,1980-2013,,
Algeria,Algeria 1.2.1,7.598257967,36.95674688,Leishmania infantum,Cutaneous leishmaniasis,polygon data,1980-2013,,
Algeria,Algeria 1.2.1,7.572507182,36.99103446,Leishmania infantum,Cutaneous leishmaniasis,polygon data,1980-2013,,
Algeria,Algeria 1.2.1,7.495254826,37.0115996,Leishmania infantum,Cutaneous leishmaniasis,polygon data,1980-2013,,
Algeria,Algeria 1.2.1,7.435169661,37.03215917,Leishmania infantum,Cutaneous leishmaniasis,polygon data,1980-2013,,
Algeria,Algeria 1.2.1,7.435169661,36.99789012,Leishmania infantum,Cutaneous leishmaniasis,polygon data,1980-2013,,
Algeria,Algeria 1.2.1,7.31499933,36.99103446,Leishmania infantum,Cutaneous leishmaniasis,polygon data,1980-2013,,
Algeria,Algeria 1.2.1,7.24633057,36.92244385,Leishmania infantum,Cutaneous leishmaniasis,polygon data,1980-2013,,
Algeria,Algeria 1.2.1,7.203412594,36.90185462,Leishmania infantum,Cutaneous leishmaniasis,polygon data,1980-2013,,
Algeria,Algeria 1.2.1,7.057491478,36.85379148,Leishmania infantum,Cutaneous leishmaniasis,polygon data,1980-2013,,
Algeria,Algeria 1.2.1,6.997406313,36.84005359,Leishmania infantum,Cutaneous leishmaniasis,polygon data,1980-2013,,
Algeria,Algeria 1.2.1,6.894403172,36.86752689,Leishmania infantum,Cutaneous leishmaniasis,polygon data,1980-2013,,
Algeria,Algeria 1.2.1,6.791400032,36.89499031,Leishmania infantum,Cutaneous leishmaniasis,polygon data,1980-2013,,
Algeria,Algeria 1.2.1,6.748482056,36.90871831,Leishmania infantum,Cutaneous leishmaniasis,polygon data,1980-2013,,
Algeria,Algeria 1.2.1,6.654062511,36.92244385,Leishmania infantum,Cutaneous leishmaniasis,polygon data,1980-2013,,
Algeria,Algeria 1.2.1,6.61972813,36.93616691,Leishmania infantum,Cutaneous leishmaniasis,polygon data,1980-2013,,
Algeria,Algeria 1.2.1,6.542475775,36.97732128,Leishmania infantum,Cutaneous leishmaniasis,polygon data,1980-2013,,
Algeria,Algeria 1.2.1,6.482390609,37.00474517,Leishmania infantum,Cutaneous leishmaniasis,polygon data,1980-2013,,
Algeria,Algeria 1.2.1,6.405138254,37.0115996,Leishmania infantum,Cutaneous leishmaniasis,polygon data,1980-2013,,
Algeria,Algeria 1.2.1,6.370803874,37.0115996,Leishmania infantum,Cutaneous leishmaniasis,polygon data,1980-2013,,
Algeria,Algeria 1.2.1,6.345053089,36.95674688,Leishmania infantum,Cutaneous leishmaniasis,polygon data,1980-2013,,
Algeria,Algeria 1.2.1,6.302135113,36.89499031,Leishmania infantum,Cutaneous leishmaniasis,polygon data,1980-2013,,
Algeria,Algeria 1.2.1,6.284967923,36.88125983,Leishmania infantum,Cutaneous leishmaniasis,polygon data,1980-2013,,
Algeria,Algeria 1.2.1,6.216299163,36.86752689,Leishmania infantum,Cutaneous leishmaniasis,polygon data,1980-2013,,
Algeria,Algeria 1.2.1,6.164797592,36.86752689,Leishmania infantum,Cutaneous leishmaniasis,polygon data,1980-2013,,
Algeria,Algeria 1.2.1,6.096128832,36.84005359,Leishmania infantum,Cutaneous leishmaniasis,polygon data,1980-2013,,
Algeria,Algeria 1.2.1,6.078961642,36.84005359,Leishmania infantum,Cutaneous leishmaniasis,polygon data,1980-2013,,
Algeria,Algeria 1.2.1,6.070378047,36.80569809,Leishmania infantum,Cutaneous leishmaniasis,polygon data,1980-2013,,
Algeria,Algeria 1.2.1,5.993125691,36.80569809,Leishmania infantum,Cutaneous leishmaniasis,polygon data,1980-2013,,
Algeria,Algeria 1.2.1,5.89012255,36.80569809,Leishmania infantum,Cutaneous leishmaniasis,polygon data,1980-2013,,
Algeria,Algeria 1.2.1,5.795703005,36.80569809,Leishmania infantum,Cutaneous leishmaniasis,polygon data,1980-2013,,
Algeria,Algeria 1.2.1,5.76995222,36.80569809,Leishmania infantum,Cutaneous leishmaniasis,polygon data,1980-2013,,
Algeria,Algeria 1.2.1,5.76995222,36.80569809,Leishmania infantum,Cutaneous leishmaniasis,polygon data,1980-2013,,
Algeria,Algeria 1.2.1,5.692699864,36.75757449,Leishmania infantum,Cutaneous leishmaniasis,polygon data,1980-2013,,
Algeria,Algeria 1.2.1,5.666949079,36.74381934,Leishmania infantum,Cutaneous leishmaniasis,polygon data,1980-2013,,
Algeria,Algeria 1.2.1,5.641198294,36.71630164,Leishmania infantum,Cutaneous leishmaniasis,polygon data,1980-2013,,
Algeria,Algeria 1.2.1,5.615447509,36.6750066,Leishmania infantum,Cutaneous leishmaniasis,polygon data,1980-2013,,
Algeria,Algeria 1.2.1,5.546778748,36.60613226,Leishmania infantum,Cutaneous leishmaniasis,polygon data,1980-2013,,
Algeria,Algeria 1.2.1,5.357939657,36.57856529,Leishmania infantum,Cutaneous leishmaniasis,polygon data,1980-2013,,
Algeria,Algeria 1.2.1,5.357939657,36.57856529,Leishmania infantum,Cutaneous leishmaniasis,polygon data,1980-2013,,
Algeria,Algeria 1.2.1,5.263520111,36.59924144,Leishmania infantum,Cutaneous leishmaniasis,polygon data,1980-2013,,
Algeria,Algeria 1.2.1,5.09184821,36.6750066,Leishmania infantum,Cutaneous leishmaniasis,polygon data,1980-2013,,
Algeria,Algeria 1.2.1,5.083264615,36.68877407,Leishmania infantum,Cutaneous leishmaniasis,polygon data,1980-2013,,
Algeria,Algeria 1.2.1,5.066097425,36.74381934,Leishmania infantum,Cutaneous leishmaniasis,polygon data,1980-2013,,
Algeria,Algeria 1.2.1,4.980261474,36.79195158,Leishmania infantum,Cutaneous leishmaniasis,polygon data,1980-2013,,
Algeria,Algeria 1.2.1,4.894425524,36.82631325,Leishmania infantum,Cutaneous leishmaniasis,polygon data,1980-2013,,
Algeria,Algeria 1.2.1,4.825756763,36.85379148,Leishmania infantum,Cutaneous leishmaniasis,polygon data,1980-2013,,
Algeria,Algeria 1.2.1,4.748504408,36.85379148,Leishmania infantum,Cutaneous leishmaniasis,polygon data,1980-2013,,
Algeria,Algeria 1.2.1,4.611166887,36.85379148,Leishmania infantum,Cutaneous leishmaniasis,polygon data,1980-2013,,
Algeria,Algeria 1.2.1,4.448078581,36.85379148,Leishmania infantum,Cutaneous leishmaniasis,polygon data,1980-2013,,
Algeria,Algeria 1.2.1,4.29357387,36.86752689,Leishmania infantum,Cutaneous leishmaniasis,polygon data,1980-2013,,
Algeria,Algeria 1.2.1,4.053233208,36.88125983,Leishmania infantum,Cutaneous leishmaniasis,polygon data,1980-2013,,
Algeria,Algeria 1.2.1,3.993148043,36.88125983,Leishmania infantum,Cutaneous leishmaniasis,polygon data,1980-2013,,
Algeria,Algeria 1.2.1,3.967397258,36.87439367,Leishmania infantum,Cutaneous leishmaniasis,polygon data,1980-2013,,
Algeria,Algeria 1.2.1,3.778558166,36.86752689,Leishmania infantum,Cutaneous leishmaniasis,polygon data,1980-2013,,
Algeria,Algeria 1.2.1,3.666971431,36.82631325,Leishmania infantum,Cutaneous leishmaniasis,polygon data,1980-2013,,
Algeria,Algeria 1.2.1,3.666971431,36.82631325,Leishmania infantum,Cutaneous leishmaniasis,polygon data,1980-2013,,
Algeria,Algeria 1.2.1,3.58113548,36.77132717,Leishmania infantum,Cutaneous leishmaniasis,polygon data,1980-2013,,
Algeria,Algeria 1.2.1,3.572551885,36.77132717,Leishmania infantum,Cutaneous leishmaniasis,polygon data,1980-2013,,
Algeria,Algeria 1.2.1,3.486715934,36.74381934,Leishmania infantum,Cutaneous leishmaniasis,polygon data,1980-2013,,
Algeria,Algeria 1.2.1,3.375129199,36.73006172,Leishmania infantum,Cutaneous leishmaniasis,polygon data,1980-2013,,
Algeria,Algeria 1.2.1,3.246375273,36.73006172,Leishmania infantum,Cutaneous leishmaniasis,polygon data,1980-2013,,
Algeria,Algeria 1.2.1,3.126204942,36.72318198,Leishmania infantum,Cutaneous leishmaniasis,polygon data,1980-2013,,
Algeria,Algeria 1.2.1,2.997451016,36.72318198,Leishmania infantum,Cutaneous leishmaniasis,polygon data,1980-2013,,
Algeria,Algeria 1.2.1,2.90303147,36.74381934,Leishmania infantum,Cutaneous leishmaniasis,polygon data,1980-2013,,
Algeria,Algeria 1.2.1,2.83436271,36.6750066,Leishmania infantum,Cutaneous leishmaniasis,polygon data,1980-2013,,
Algeria,Algeria 1.2.1,2.825779115,36.66123666,Leishmania infantum,Cutaneous leishmaniasis,polygon data,1980-2013,,
Algeria,Algeria 1.2.1,2.739943164,36.63368938,Leishmania infantum,Cutaneous leishmaniasis,polygon data,1980-2013,,
Algeria,Algeria 1.2.1,2.654107214,36.61302246,Leishmania infantum,Cutaneous leishmaniasis,polygon data,1980-2013,,
Algeria,Algeria 1.2.1,2.551104073,36.58545795,Leishmania infantum,Cutaneous leishmaniasis,polygon data,1980-2013,,
Algeria,Algeria 1.2.1,2.439517337,36.571672,Leishmania infantum,Cutaneous leishmaniasis,polygon data,1980-2013,,
Algeria,Algeria 1.2.1,2.336514197,36.58545795,Leishmania infantum,Cutaneous leishmaniasis,polygon data,1980-2013,,
Algeria,Algeria 1.2.1,2.233511056,36.60613226,Leishmania infantum,Cutaneous leishmaniasis,polygon data,1980-2013,,
Algeria,Algeria 1.2.1,2.130507915,36.571672,Leishmania infantum,Cutaneous leishmaniasis,polygon data,1980-2013,,
Algeria,Algeria 1.2.1,2.113340725,36.5578836,Leishmania infantum,Cutaneous leishmaniasis,polygon data,1980-2013,,
Algeria,Algeria 1.2.1,2.061839155,36.55098847,Leishmania infantum,Cutaneous leishmaniasis,polygon data,1980-2013,,
Algeria,Algeria 1.2.1,1.976003204,36.55098847,Leishmania infantum,Cutaneous leishmaniasis,polygon data,1980-2013,,
Algeria,Algeria 1.2.1,1.735662543,36.5578836,Leishmania infantum,Cutaneous leishmaniasis,polygon data,1980-2013,,
Algeria,Algeria 1.2.1,1.701328162,36.5578836,Leishmania infantum,Cutaneous leishmaniasis,polygon data,1980-2013,,
Algeria,Algeria 1.2.1,1.572574236,36.5234018,Leishmania infantum,Cutaneous leishmaniasis,polygon data,1980-2013,,
Algeria,Algeria 1.2.1,1.546823451,36.5165036,Leishmania infantum,Cutaneous leishmaniasis,polygon data,1980-2013,,
Algeria,Algeria 1.2.1,1.418069525,36.50960478,Leishmania infantum,Cutaneous leishmaniasis,polygon data,1980-2013,,
Algeria,Algeria 1.2.1,1.383735145,36.4958053,Leishmania infantum,Cutaneous leishmaniasis,polygon data,1980-2013,,
Algeria,Algeria 1.2.1,1.30648279,36.4958053,Leishmania infantum,Cutaneous leishmaniasis,polygon data,1980-2013,,
Algeria,Algeria 1.2.1,1.186312459,36.4958053,Leishmania infantum,Cutaneous leishmaniasis,polygon data,1980-2013,,
Algeria,Algeria 1.2.1,1.083309318,36.4958053,Leishmania infantum,Cutaneous leishmaniasis,polygon data,1980-2013,,
Algeria,Algeria 1.2.1,1.031807748,36.4958053,Leishmania infantum,Cutaneous leishmaniasis,polygon data,1980-2013,,
Algeria,Algeria 1.2.1,0.963138987,36.44748775,Leishmania infantum,Cutaneous leishmaniasis,polygon data,1980-2013,,
Algeria,Algeria 1.2.1,0.808634276,36.36458762,Leishmania infantum,Cutaneous leishmaniasis,polygon data,1980-2013,,
Algeria,Algeria 1.2.1,0.791467086,36.35767528,Leishmania infantum,Cutaneous leishmaniasis,polygon data,1980-2013,,
Algeria,Algeria 1.2.1,0.782883491,36.34384877,Leishmania infantum,Cutaneous leishmaniasis,polygon data,1980-2013,,
Algeria,Algeria 1.2.1,0.654129565,36.28851816,Leishmania infantum,Cutaneous leishmaniasis,polygon data,1980-2013,,
Algeria,Algeria 1.2.1,0.516792044,36.21237448,Leishmania infantum,Cutaneous leishmaniasis,polygon data,1980-2013,,
Algeria,Algeria 1.2.1,0.242117003,36.05986466,Leishmania infantum,Cutaneous leishmaniasis,polygon data,1980-2013,,
Algeria,Algeria 1.2.1,0.139113862,35.99044409,Leishmania infantum,Cutaneous leishmaniasis,polygon data,1980-2013,,
Algeria,Algeria 1.2.1,0.104779482,35.92096237,Leishmania infantum,Cutaneous leishmaniasis,polygon data,1980-2013,,
Algeria,Algeria 1.2.1,0.053277911,35.82358533,Leishmania infantum,Cutaneous leishmaniasis,polygon data,1980-2013,,
Algeria,Algeria 1.2.1,0.001776341,35.78181569,Leishmania infantum,Cutaneous leishmaniasis,polygon data,1980-2013,,
Algeria,Algeria 1.2.1,-0.08405961,35.7678876,Leishmania infantum,Cutaneous leishmaniasis,polygon data,1980-2013,,
Algeria,Algeria 1.2.1,-0.255731511,35.7678876,Leishmania infantum,Cutaneous leishmaniasis,polygon data,1980-2013,,
Algeria,Algeria 1.2.1,-0.461737792,35.71215084,Leishmania infantum,Cutaneous leishmaniasis,polygon data,1980-2013,,
Algeria,Algeria 1.2.1,-0.667744074,35.60056032,Leishmania infantum,Cutaneous leishmaniasis,polygon data,1980-2013,,
Algeria,Algeria 1.2.1,-0.873750355,35.48881398,Leishmania infantum,Cutaneous leishmaniasis,polygon data,1980-2013,,
Algeria,Algeria 1.2.1,-0.925251925,35.60753929,Leishmania infantum,Cutaneous leishmaniasis,polygon data,1980-2013,,
Tunisia,Tunisia 1.2.1,8.465201068,35.60056032,Leishmania infantum,Cutaneous leishmaniasis,polygon data,1980-2013,,
Tunisia,Tunisia 1.2.1,8.396532307,36.65435076,Leishmania infantum,Cutaneous leishmaniasis,polygon data,1980-2013,,
Tunisia,Tunisia 1.2.1,9.632569996,37.36717704,Leishmania infantum,Cutaneous leishmaniasis,polygon data,1980-2013,,
Tunisia,Tunisia 1.2.1,10.04458256,36.98417818,Leishmania infantum,Cutaneous leishmaniasis,polygon data,1980-2013,,
Tunisia,Tunisia 1.2.1,10.6626014,36.76445114,Leishmania infantum,Cutaneous leishmaniasis,polygon data,1980-2013,,
Tunisia,Tunisia 1.2.1,11.0059452,36.92930569,Leishmania infantum,Cutaneous leishmaniasis,polygon data,1980-2013,,
Tunisia,Tunisia 1.2.1,10.93727644,36.48890464,Leishmania infantum,Cutaneous leishmaniasis,polygon data,1980-2013,,
Tunisia,Tunisia 1.2.1,10.59393264,35.99044409,Leishmania infantum,Cutaneous leishmaniasis,polygon data,1980-2013,,
Tunisia,Tunisia 1.2.1,10.59393264,35.82358533,Leishmania infantum,Cutaneous leishmaniasis,polygon data,1980-2013,,
Tunisia,Tunisia 1.2.1,11.07461397,35.54470662,Leishmania infantum,Cutaneous leishmaniasis,polygon data,1980-2013,,
Tunisia,Tunisia 1.2.1,10.79993892,35.48881398,Leishmania infantum,Cutaneous leishmaniasis,polygon data,1980-2013,,
Tunisia,Tunisia 1.2.1,9.975913798,35.54470662,Leishmania infantum,Cutaneous leishmaniasis,polygon data,1980-2013,,
Tunisia,Tunisia 1.2.1,9.151888672,35.54470662,Leishmania infantum,Cutaneous leishmaniasis,polygon data,1980-2013,,
Tunisia,Tunisia 1.2.1,8.80854487,35.32090278,Leishmania infantum,Cutaneous leishmaniasis,polygon data,1980-2013,,
Tunisia,Tunisia 1.2.1,8.465201068,35.20876782,Leishmania infantum,Cutaneous leishmaniasis,polygon data,1980-2013,,
Tunisia,Tunisia 1.2.1,8.465201068,35.32090278,Leishmania infantum,Cutaneous leishmaniasis,polygon data,1980-2013,,
Tunisia,Tunisia 1.2.1,8.327863547,35.9348636,Leishmania infantum,Cutaneous leishmaniasis,polygon data,1980-2013,,
Tunisia,Tunisia 1.2.1,8.259194786,36.26775906,Leishmania infantum,Cutaneous leishmaniasis,polygon data,1980-2013,,
Tunisia,Tunisia 1.2.1,8.465201068,35.60056032,Leishmania infantum,Cutaneous leishmaniasis,polygon data,1980-2013,,
Libya,Libya 1.2.1,21.30625927,32.47153967,Leishmania infantum,Cutaneous leishmaniasis,polygon data,1980-2013,,
Libya,Libya 1.2.1,20.96291547,32.587331,Leishmania infantum,Cutaneous leishmaniasis,polygon data,1980-2013,,
Libya,Libya 1.2.1,20.87707952,32.54392674,Leishmania infantum,Cutaneous leishmaniasis,polygon data,1980-2013,,
Libya,Libya 1.2.1,20.5680701,32.41358807,Leishmania infantum,Cutaneous leishmaniasis,polygon data,1980-2013,,
Libya,Libya 1.2.1,20.36206382,32.31208318,Leishmania infantum,Cutaneous leishmaniasis,polygon data,1980-2013,,
Libya,Libya 1.2.1,20.17322473,32.16687873,Leishmania infantum,Cutaneous leishmaniasis,polygon data,1980-2013,,
Libya,Libya 1.2.1,20.08738878,32.00688612,Leishmania infantum,Cutaneous leishmaniasis,polygon data,1980-2013,,
Libya,Libya 1.2.1,19.98438564,31.87577498,Leishmania infantum,Cutaneous leishmaniasis,polygon data,1980-2013,,
Libya,Libya 1.2.1,20.00155283,31.67145309,Leishmania infantum,Cutaneous leishmaniasis,polygon data,1980-2013,,
Libya,Libya 1.2.1,20.00155283,31.67145309,Leishmania infantum,Cutaneous leishmaniasis,polygon data,1980-2013,,
Libya,Libya 1.2.1,20.01872002,31.64222744,Leishmania infantum,Cutaneous leishmaniasis,polygon data,1980-2013,,
Libya,Libya 1.2.1,20.17322473,31.58374857,Leishmania infantum,Cutaneous leishmaniasis,polygon data,1980-2013,,
Libya,Libya 1.2.1,20.3963982,31.62761117,Leishmania infantum,Cutaneous leishmaniasis,polygon data,1980-2013,,
Libya,Libya 1.2.1,20.46506696,31.70066955,Leishmania infantum,Cutaneous leishmaniasis,polygon data,1980-2013,,
Libya,Libya 1.2.1,20.77407638,31.84661378,Leishmania infantum,Cutaneous leishmaniasis,polygon data,1980-2013,,
Libya,Libya 1.2.1,20.96291547,31.99232746,Leishmania infantum,Cutaneous leishmaniasis,polygon data,1980-2013,,
Libya,Libya 1.2.1,21.11742018,32.16687873,Leishmania infantum,Cutaneous leishmaniasis,polygon data,1980-2013,,
Libya,Libya 1.2.1,21.18608894,32.29757318,Leishmania infantum,Cutaneous leishmaniasis,polygon data,1980-2013,,
Libya,Libya 1.2.1,21.23759051,32.37009993,Leishmania infantum,Cutaneous leishmaniasis,polygon data,1980-2013,,
Libya,Libya 1.2.1,21.30625927,32.44256852,Leishmania infantum,Cutaneous leishmaniasis,polygon data,1980-2013,,
Libya,Libya 1.2.1,21.34059365,32.52945399,Leishmania infantum,Cutaneous leishmaniasis,polygon data,1980-2013,,
Libya,Libya 1.2.1,21.34059365,32.587331,Leishmania infantum,Cutaneous leishmaniasis,polygon data,1980-2013,,
Libya,Libya 1.2.1,21.15175456,32.57286524,Leishmania infantum,Cutaneous leishmaniasis,polygon data,1980-2013,,
Libya,Libya 1.2.1,20.99724985,32.57286524,Leishmania infantum,Cutaneous leishmaniasis,polygon data,1980-2013,,
Libya,Libya 1.2.1,21.30625927,32.47153967,Leishmania infantum,Cutaneous leishmaniasis,polygon data,1980-2013,,
Morocco,Morroco,-8.747678809,30.34626694,Leishmania major,Cutaneous leishmaniasis,polygon data,1980-2013,,
Morocco,Morroco,-8.347111039,30.34626694,Leishmania major,Cutaneous leishmaniasis,polygon data,1980-2013,,
Morocco,Morroco,-7.98087765,30.86832832,Leishmania major,Cutaneous leishmaniasis,polygon data,1980-2013,,
Morocco,Morroco,-7.822081142,31.14666762,Leishmania major,Cutaneous leishmaniasis,polygon data,1980-2013,,
Morocco,Morroco,-7.541683703,31.3399209,Leishmania major,Cutaneous leishmaniasis,polygon data,1980-2013,,
Morocco,Morroco,-6.633253226,31.33747713,Leishmania major,Cutaneous leishmaniasis,polygon data,1980-2013,,
Morocco,Morroco,-6.625027281,31.22285417,Leishmania major,Cutaneous leishmaniasis,polygon data,1980-2013,,
Morocco,Morroco,-6.455143629,31.22346586,Leishmania major,Cutaneous leishmaniasis,polygon data,1980-2013,,
Morocco,Morroco,-6.376103024,31.1691628,Leishmania major,Cutaneous leishmaniasis,polygon data,1980-2013,,
Morocco,Morroco,-6.017022631,31.16426634,Leishmania major,Cutaneous leishmaniasis,polygon data,1980-2013,,
Morocco,Morroco,-5.812268124,31.1580689,Leishmania major,Cutaneous leishmaniasis,polygon data,1980-2013,,
Morocco,Morroco,-5.331586801,31.55876203,Leishmania major,Cutaneous leishmaniasis,polygon data,1980-2013,,
Morocco,Morroco,-5.222861263,31.56363797,Leishmania major,Cutaneous leishmaniasis,polygon data,1980-2013,,
Morocco,Morroco,-5.251473247,31.71466585,Leishmania major,Cutaneous leishmaniasis,polygon data,1980-2013,,
Morocco,Morroco,-5.1599149,31.74873495,Leishmania major,Cutaneous leishmaniasis,polygon data,1980-2013,,
Morocco,Morroco,-5.119858123,32.01598411,Leishmania major,Cutaneous leishmaniasis,polygon data,1980-2013,,
Morocco,Morroco,-5.083467256,32.02523281,Leishmania major,Cutaneous leishmaniasis,polygon data,1980-2013,,
Morocco,Morroco,-5.02409739,32.14280685,Leishmania major,Cutaneous leishmaniasis,polygon data,1980-2013,,
Morocco,Morroco,-5.024320921,32.16158044,Leishmania major,Cutaneous leishmaniasis,polygon data,1980-2013,,
Morocco,Morroco,-5.032144511,32.41147455,Leishmania major,Cutaneous leishmaniasis,polygon data,1980-2013,,
Morocco,Morroco,-5.135147651,32.45011399,Leishmania major,Cutaneous leishmaniasis,polygon data,1980-2013,,
Morocco,Morroco,-5.13800885,32.56291868,Leishmania major,Cutaneous leishmaniasis,polygon data,1980-2013,,
Morocco,Morroco,-5.135862951,32.69605068,Leishmania major,Cutaneous leishmaniasis,polygon data,1980-2013,,
Morocco,Morroco,-5.027137414,32.71531129,Leishmania major,Cutaneous leishmaniasis,polygon data,1980-2013,,
Morocco,Morroco,-4.969913446,32.77306815,Leishmania major,Cutaneous leishmaniasis,polygon data,1980-2013,,
Morocco,Morroco,-4.692377206,32.82387524,Leishmania major,Cutaneous leishmaniasis,polygon data,1980-2013,,
Morocco,Morroco,-4.412695067,32.98242256,Leishmania major,Cutaneous leishmaniasis,polygon data,1980-2013,,
Morocco,Morroco,-3.467784311,33.52674777,Leishmania major,Cutaneous leishmaniasis,polygon data,1980-2013,,
Morocco,Morroco,-2.975658195,34.58395943,Leishmania major,Cutaneous leishmaniasis,polygon data,1980-2013,,
Morocco,Morroco,-2.821153484,34.82388407,Leishmania major,Cutaneous leishmaniasis,polygon data,1980-2013,,
Morocco,Morroco,-2.718150343,34.86615144,Leishmania major,Cutaneous leishmaniasis,polygon data,1980-2013,,
Morocco,Morroco,-2.452058896,34.87319389,Leishmania major,Cutaneous leishmaniasis,polygon data,1980-2013,,
Morocco,Morroco,-2.267511602,34.7921693,Leishmania major,Cutaneous leishmaniasis,polygon data,1980-2013,,
Morocco,Morroco,-2.070088916,34.6793069,Leishmania major,Cutaneous leishmaniasis,polygon data,1980-2013,,
Morocco,Morroco,-1.992836561,34.5521526,Leishmania major,Cutaneous leishmaniasis,polygon data,1980-2013,,
Morocco,Morroco,-2.001420156,34.04870488,Leishmania major,Cutaneous leishmaniasis,polygon data,1980-2013,,
Morocco,Morroco,-2.104423296,33.62091084,Leishmania major,Cutaneous leishmaniasis,polygon data,1980-2013,,
Morocco,Morroco,-2.301845983,33.20534759,Leishmania major,Cutaneous leishmaniasis,polygon data,1980-2013,,
Morocco,Morroco,-2.447767099,32.84551204,Leishmania major,Cutaneous leishmaniasis,polygon data,1980-2013,,
Morocco,Morroco,-2.65377338,32.35378648,Leishmania major,Cutaneous leishmaniasis,polygon data,1980-2013,,
Morocco,Morroco,-2.765360116,32.10691433,Leishmania major,Cutaneous leishmaniasis,polygon data,1980-2013,,
Morocco,Morroco,-3.846893093,31.68971446,Leishmania major,Cutaneous leishmaniasis,polygon data,1980-2013,,
Morocco,Morroco,-3.857622587,31.32197298,Leishmania major,Cutaneous leishmaniasis,polygon data,1980-2013,,
Morocco,Morroco,-4.117276337,31.12929524,Leishmania major,Cutaneous leishmaniasis,polygon data,1980-2013,,
Morocco,Morroco,-4.331866214,30.96567082,Leishmania major,Cutaneous leishmaniasis,polygon data,1980-2013,,
Morocco,Morroco,-4.698814903,30.72800898,Leishmania major,Cutaneous leishmaniasis,polygon data,1980-2013,,
Morocco,Morroco,-5.162329036,30.52119041,Leishmania major,Cutaneous leishmaniasis,polygon data,1980-2013,,
Morocco,Morroco,-6.278196393,29.90553644,Leishmania major,Cutaneous leishmaniasis,polygon data,1980-2013,,
Morocco,Morroco,-7.282477015,29.59627076,Leishmania major,Cutaneous leishmaniasis,polygon data,1980-2013,,
Morocco,Morroco,-7.497066891,29.44688706,Leishmania major,Cutaneous leishmaniasis,polygon data,1980-2013,,
Morocco,Morroco,-7.788909123,29.37959251,Leishmania major,Cutaneous leishmaniasis,polygon data,1980-2013,,
Morocco,Morroco,-8.116158685,29.11278191,Leishmania major,Cutaneous leishmaniasis,polygon data,1980-2013,,
Morocco,Morroco,-8.369374739,29.0058632,Leishmania major,Cutaneous leishmaniasis,polygon data,1980-2013,,
Morocco,Morroco,-8.659071072,28.9927252,Leishmania major,Cutaneous leishmaniasis,polygon data,1980-2013,,
Morocco,Morroco,-8.852201961,29.10153253,Leishmania major,Cutaneous leishmaniasis,polygon data,1980-2013,,
Morocco,Morroco,-8.961642798,29.12403006,Leishmania major,Cutaneous leishmaniasis,polygon data,1980-2013,,
Morocco,Morroco,-9.034603356,29.28137483,Leishmania major,Cutaneous leishmaniasis,polygon data,1980-2013,,
Morocco,Morroco,-9.090396724,29.83389419,Leishmania major,Cutaneous leishmaniasis,polygon data,1980-2013,,
Morocco,Morroco,-8.961642798,29.92692608,Leishmania major,Cutaneous leishmaniasis,polygon data,1980-2013,,
Morocco,Morroco,-8.957351001,30.18788015,Leishmania major,Cutaneous leishmaniasis,polygon data,1980-2013,,
Morocco,Morroco,-8.747052922,30.34541815,Leishmania major,Cutaneous leishmaniasis,polygon data,1980-2013,,
Morocco,Morroco,-8.747678809,30.34626694,Leishmania major,Cutaneous leishmaniasis,polygon data,1980-2013,,
Algeria,Algeria 1,-3.146257146,30.78886222,Leishmania major,Cutaneous leishmaniasis,polygon data,1980-2013,,
Algeria,Algeria 1,-2.622657848,30.95831031,Leishmania major,Cutaneous leishmaniasis,polygon data,1980-2013,,
Algeria,Algeria 1,-2.047556979,31.14215264,Leishmania major,Cutaneous leishmaniasis,polygon data,1980-2013,,
Algeria,Algeria 1,-1.669878797,31.05395264,Leishmania major,Cutaneous leishmaniasis,polygon data,1980-2013,,
Algeria,Algeria 1,-1.584042846,30.83309495,Leishmania major,Cutaneous leishmaniasis,polygon data,1980-2013,,
Algeria,Algeria 1,-1.601210036,30.72247496,Leishmania major,Cutaneous leishmaniasis,polygon data,1980-2013,,
Algeria,Algeria 1,-1.755714747,30.56739357,Leishmania major,Cutaneous leishmaniasis,polygon data,1980-2013,,
Algeria,Algeria 1,-1.927386648,30.39725763,Leishmania major,Cutaneous leishmaniasis,polygon data,1980-2013,,
Algeria,Algeria 1,-2.13339293,30.33801027,Leishmania major,Cutaneous leishmaniasis,polygon data,1980-2013,,
Algeria,Algeria 1,-2.23639607,30.30837314,Leishmania major,Cutaneous leishmaniasis,polygon data,1980-2013,,
Algeria,Algeria 1,-2.468153137,30.08580925,Leishmania major,Cutaneous leishmaniasis,polygon data,1980-2013,,
Algeria,Algeria 1,-2.588323468,29.89995577,Leishmania major,Cutaneous leishmaniasis,polygon data,1980-2013,,
Algeria,Algeria 1,-2.768578964,29.80317462,Leishmania major,Cutaneous leishmaniasis,polygon data,1980-2013,,
Algeria,Algeria 1,-2.905916485,29.71375499,Leishmania major,Cutaneous leishmaniasis,polygon data,1980-2013,,
Algeria,Algeria 1,-3.154840742,29.53467671,Leishmania major,Cutaneous leishmaniasis,polygon data,1980-2013,,
Algeria,Algeria 1,-3.412348593,29.57201092,Leishmania major,Cutaneous leishmaniasis,polygon data,1980-2013,,
Algeria,Algeria 1,-3.549686114,29.63917772,Leishmania major,Cutaneous leishmaniasis,polygon data,1980-2013,,
Algeria,Algeria 1,-3.64410566,29.7435704,Leishmania major,Cutaneous leishmaniasis,polygon data,1980-2013,,
Algeria,Algeria 1,-3.66127285,30.17489517,Leishmania major,Cutaneous leishmaniasis,polygon data,1980-2013,,
Algeria,Algeria 1,-3.506768139,30.33801027,Leishmania major,Cutaneous leishmaniasis,polygon data,1980-2013,,
Algeria,Algeria 1,-3.300761858,30.65604196,Leishmania major,Cutaneous leishmaniasis,polygon data,1980-2013,,
Algeria,Algeria 1,-3.146257146,30.79623575,Leishmania major,Cutaneous leishmaniasis,polygon data,1980-2013,,
Algeria,Algeria 1,-3.146257146,30.78886222,Leishmania major,Cutaneous leishmaniasis,polygon data,1980-2013,,
Algeria,Algeria 2,8.334301243,28.12857228,Leishmania major,Cutaneous leishmaniasis,polygon data,1980-2013,,
Algeria,Algeria 2,8.471638764,28.20424356,Leishmania major,Cutaneous leishmaniasis,polygon data,1980-2013,,
Algeria,Algeria 2,8.711979426,28.15884721,Leishmania major,Cutaneous leishmaniasis,polygon data,1980-2013,,
Algeria,Algeria 2,8.866484137,27.99222931,Leishmania major,Cutaneous leishmaniasis,polygon data,1980-2013,,
Algeria,Algeria 2,8.986654468,27.84053462,Leishmania major,Cutaneous leishmaniasis,polygon data,1980-2013,,
Algeria,Algeria 2,9.055323228,27.67342517,Leishmania major,Cutaneous leishmaniasis,polygon data,1980-2013,,
Algeria,Algeria 2,9.038156038,27.47560222,Leishmania major,Cutaneous leishmaniasis,polygon data,1980-2013,,
Algeria,Algeria 2,8.917985707,27.29268056,Leishmania major,Cutaneous leishmaniasis,polygon data,1980-2013,,
Algeria,Algeria 2,8.866484137,27.14001522,Leishmania major,Cutaneous leishmaniasis,polygon data,1980-2013,,
Algeria,Algeria 2,8.866484137,27.00243787,Leishmania major,Cutaneous leishmaniasis,polygon data,1980-2013,,
Algeria,Algeria 2,8.797815376,26.81873933,Leishmania major,Cutaneous leishmaniasis,polygon data,1980-2013,,
Algeria,Algeria 2,8.729146616,26.71144403,Leishmania major,Cutaneous leishmaniasis,polygon data,1980-2013,,
Algeria,Algeria 2,8.711979426,26.63474255,Leishmania major,Cutaneous leishmaniasis,polygon data,1980-2013,,
Algeria,Algeria 2,8.677645045,26.55798954,Leishmania major,Cutaneous leishmaniasis,polygon data,1980-2013,,
Algeria,Algeria 2,8.557474715,26.45044896,Leishmania major,Cutaneous leishmaniasis,polygon data,1980-2013,,
Algeria,Algeria 2,8.488805954,26.32742237,Leishmania major,Cutaneous leishmaniasis,polygon data,1980-2013,,
Algeria,Algeria 2,8.368635623,26.15804724,Leishmania major,Cutaneous leishmaniasis,polygon data,1980-2013,,
Algeria,Algeria 2,8.162629342,25.88035722,Leishmania major,Cutaneous leishmaniasis,polygon data,1980-2013,,
Algeria,Algeria 2,8.162629342,25.72580187,Leishmania major,Cutaneous leishmaniasis,polygon data,1980-2013,,
Algeria,Algeria 2,8.076793391,25.57104538,Leishmania major,Cutaneous leishmaniasis,polygon data,1980-2013,,
Algeria,Algeria 2,7.90512149,25.44709596,Leishmania major,Cutaneous leishmaniasis,polygon data,1980-2013,,
Algeria,Algeria 2,7.85361992,25.27645703,Leishmania major,Cutaneous leishmaniasis,polygon data,1980-2013,,
Algeria,Algeria 2,7.784951159,25.05893282,Leishmania major,Cutaneous leishmaniasis,polygon data,1980-2013,,
Algeria,Algeria 2,7.716282399,24.91889142,Leishmania major,Cutaneous leishmaniasis,polygon data,1980-2013,,
Algeria,Algeria 2,7.578944878,24.80986023,Leishmania major,Cutaneous leishmaniasis,polygon data,1980-2013,,
Algeria,Algeria 2,7.493108927,24.70073303,Leishmania major,Cutaneous leishmaniasis,polygon data,1980-2013,,
Algeria,Algeria 2,7.338604216,24.62272644,Leishmania major,Cutaneous leishmaniasis,polygon data,1980-2013,,
Algeria,Algeria 2,7.201266696,24.60711927,Leishmania major,Cutaneous leishmaniasis,polygon data,1980-2013,,
Algeria,Algeria 2,6.995260414,24.59151016,Leishmania major,Cutaneous leishmaniasis,polygon data,1980-2013,,
Algeria,Algeria 2,6.926591654,24.91889142,Leishmania major,Cutaneous leishmaniasis,polygon data,1980-2013,,
Algeria,Algeria 2,7.081096365,25.50908666,Leishmania major,Cutaneous leishmaniasis,polygon data,1980-2013,,
Algeria,Algeria 2,7.149765125,25.71033526,Leishmania major,Cutaneous leishmaniasis,polygon data,1980-2013,,
Algeria,Algeria 2,7.252768266,25.97299353,Leishmania major,Cutaneous leishmaniasis,polygon data,1980-2013,,
Algeria,Algeria 2,7.407272977,26.14263727,Leishmania major,Cutaneous leishmaniasis,polygon data,1980-2013,,
Algeria,Algeria 2,7.630446448,26.45044896,Leishmania major,Cutaneous leishmaniasis,polygon data,1980-2013,,
Algeria,Algeria 2,7.80211835,26.74211017,Leishmania major,Cutaneous leishmaniasis,polygon data,1980-2013,,
Algeria,Algeria 2,7.87078711,26.92593315,Leishmania major,Cutaneous leishmaniasis,polygon data,1980-2013,,
Algeria,Algeria 2,7.973790251,27.17056502,Leishmania major,Cutaneous leishmaniasis,polygon data,1980-2013,,
Algeria,Algeria 2,8.076793391,27.33843932,Leishmania major,Cutaneous leishmaniasis,polygon data,1980-2013,,
Algeria,Algeria 2,8.128294962,27.52128531,Leishmania major,Cutaneous leishmaniasis,polygon data,1980-2013,,
Algeria,Algeria 2,8.179796532,27.65822069,Leishmania major,Cutaneous leishmaniasis,polygon data,1980-2013,,
Algeria,Algeria 2,8.196963722,27.77979723,Leishmania major,Cutaneous leishmaniasis,polygon data,1980-2013,,
Algeria,Algeria 2,8.299966863,28.02254269,Leishmania major,Cutaneous leishmaniasis,polygon data,1980-2013,,
Algeria,Algeria 2,8.368635623,28.18911358,Leishmania major,Cutaneous leishmaniasis,polygon data,1980-2013,,
Algeria,Algeria 2,8.334301243,28.12857228,Leishmania major,Cutaneous leishmaniasis,polygon data,1980-2013,,
Algeria,Algeria 3,-0.712807948,35.02797508,Leishmania major,Cutaneous leishmaniasis,polygon data,1980-2013,,
Algeria,Algeria 3,-0.575470427,34.3787688,Leishmania major,Cutaneous leishmaniasis,polygon data,1980-2013,,
Algeria,Algeria 3,-0.335129765,33.81011717,Leishmania major,Cutaneous leishmaniasis,polygon data,1980-2013,,
Algeria,Algeria 3,0.042548417,33.23766066,Leishmania major,Cutaneous leishmaniasis,polygon data,1980-2013,,
Algeria,Algeria 3,0.248554699,32.71922309,Leishmania major,Cutaneous leishmaniasis,polygon data,1980-2013,,
Algeria,Algeria 3,0.523229741,32.37191235,Leishmania major,Cutaneous leishmaniasis,polygon data,1980-2013,,
Algeria,Algeria 3,0.763570402,32.08146298,Leishmania major,Cutaneous leishmaniasis,polygon data,1980-2013,,
Algeria,Algeria 3,1.003911064,31.81926678,Leishmania major,Cutaneous leishmaniasis,polygon data,1980-2013,,
Algeria,Algeria 3,1.690598669,31.67327939,Leishmania major,Cutaneous leishmaniasis,polygon data,1980-2013,,
Algeria,Algeria 3,2.239948752,31.73170196,Leishmania major,Cutaneous leishmaniasis,polygon data,1980-2013,,
Algeria,Algeria 3,3.063973878,31.79008772,Leishmania major,Cutaneous leishmaniasis,polygon data,1980-2013,,
Algeria,Algeria 3,3.544655201,31.9358908,Leishmania major,Cutaneous leishmaniasis,polygon data,1980-2013,,
Algeria,Algeria 3,3.853664623,32.02326186,Leishmania major,Cutaneous leishmaniasis,polygon data,1980-2013,,
Algeria,Algeria 3,3.681992722,32.28487503,Leishmania major,Cutaneous leishmaniasis,polygon data,1980-2013,,
Algeria,Algeria 3,3.819330243,32.40090619,Leishmania major,Cutaneous leishmaniasis,polygon data,1980-2013,,
Algeria,Algeria 3,3.819330243,32.95001552,Leishmania major,Cutaneous leishmaniasis,polygon data,1980-2013,,
Algeria,Algeria 3,3.887999003,33.18020696,Leishmania major,Cutaneous leishmaniasis,polygon data,1980-2013,,
Algeria,Algeria 3,4.094005285,33.15146597,Leishmania major,Cutaneous leishmaniasis,polygon data,1980-2013,,
Algeria,Algeria 3,4.094005285,32.97882236,Leishmania major,Cutaneous leishmaniasis,polygon data,1980-2013,,
Algeria,Algeria 3,4.094005285,32.89237367,Leishmania major,Cutaneous leishmaniasis,polygon data,1980-2013,,
Algeria,Algeria 3,3.922333383,32.77697742,Leishmania major,Cutaneous leishmaniasis,polygon data,1980-2013,,
Algeria,Algeria 3,4.162674045,32.54573567,Leishmania major,Cutaneous leishmaniasis,polygon data,1980-2013,,
Algeria,Algeria 3,4.231342806,32.42989072,Leishmania major,Cutaneous leishmaniasis,polygon data,1980-2013,,
Algeria,Algeria 3,4.368680326,32.22680369,Leishmania major,Cutaneous leishmaniasis,polygon data,1980-2013,,
Algeria,Algeria 3,4.712024129,32.37191235,Leishmania major,Cutaneous leishmaniasis,polygon data,1980-2013,,
Algeria,Algeria 3,4.84936165,32.42989072,Leishmania major,Cutaneous leishmaniasis,polygon data,1980-2013,,
Algeria,Algeria 3,5.158371072,32.51678842,Leishmania major,Cutaneous leishmaniasis,polygon data,1980-2013,,
Algeria,Algeria 3,5.639052395,32.77697742,Leishmania major,Cutaneous leishmaniasis,polygon data,1980-2013,,
Algeria,Algeria 3,6.291405619,32.92119929,Leishmania major,Cutaneous leishmaniasis,polygon data,1980-2013,,
Algeria,Algeria 3,7.012427604,33.00761981,Leishmania major,Cutaneous leishmaniasis,polygon data,1980-2013,,
Algeria,Algeria 3,7.596112068,33.00761981,Leishmania major,Cutaneous leishmaniasis,polygon data,1980-2013,,
Algeria,Algeria 3,8.076793391,32.86353867,Leishmania major,Cutaneous leishmaniasis,polygon data,1980-2013,,
Algeria,Algeria 3,7.630446448,33.40979525,Leishmania major,Cutaneous leishmaniasis,polygon data,1980-2013,,
Algeria,Algeria 3,7.458774547,33.86715407,Leishmania major,Cutaneous leishmaniasis,polygon data,1980-2013,,
Algeria,Algeria 3,7.664780829,34.26534435,Leishmania major,Cutaneous leishmaniasis,polygon data,1980-2013,,
Algeria,Algeria 3,7.90512149,34.5203336,Leishmania major,Cutaneous leishmaniasis,polygon data,1980-2013,,
Algeria,Algeria 3,8.214130912,34.83093014,Leishmania major,Cutaneous leishmaniasis,polygon data,1980-2013,,
Algeria,Algeria 3,8.282799673,35.19649364,Leishmania major,Cutaneous leishmaniasis,polygon data,1980-2013,,
Algeria,Algeria 3,8.282799673,35.252589,Leishmania major,Cutaneous leishmaniasis,polygon data,1980-2013,,
Algeria,Algeria 3,6.39440876,35.28062214,Leishmania major,Cutaneous leishmaniasis,polygon data,1980-2013,,
Algeria,Algeria 3,5.536049254,35.28062214,Leishmania major,Cutaneous leishmaniasis,polygon data,1980-2013,,
Algeria,Algeria 3,4.84936165,36.00606905,Leishmania major,Cutaneous leishmaniasis,polygon data,1980-2013,,
Algeria,Algeria 3,4.574686608,35.11227792,Leishmania major,Cutaneous leishmaniasis,polygon data,1980-2013,,
Algeria,Algeria 3,4.265677186,34.74633755,Leishmania major,Cutaneous leishmaniasis,polygon data,1980-2013,,
Algeria,Algeria 3,3.681992722,34.80274225,Leishmania major,Cutaneous leishmaniasis,polygon data,1980-2013,,
Algeria,Algeria 3,3.063973878,34.74633755,Leishmania major,Cutaneous leishmaniasis,polygon data,1980-2013,,
Algeria,Algeria 3,2.480289414,34.80274225,Leishmania major,Cutaneous leishmaniasis,polygon data,1980-2013,,
Algeria,Algeria 3,1.827936189,34.77454472,Leishmania major,Cutaneous leishmaniasis,polygon data,1980-2013,,
Algeria,Algeria 3,0.969576684,34.83093014,Leishmania major,Cutaneous leishmaniasis,polygon data,1980-2013,,
Algeria,Algeria 3,-0.026120343,34.88727698,Leishmania major,Cutaneous leishmaniasis,polygon data,1980-2013,,
Algeria,Algeria 3,-0.266461005,34.88727698,Leishmania major,Cutaneous leishmaniasis,polygon data,1980-2013,,
Algeria,Algeria 3,-0.506801666,34.88727698,Leishmania major,Cutaneous leishmaniasis,polygon data,1980-2013,,
Algeria,Algeria 3,-0.712807948,34.99985479,Leishmania major,Cutaneous leishmaniasis,polygon data,1980-2013,,
Algeria,Algeria 3,-0.712807948,35.02797508,Leishmania major,Cutaneous leishmaniasis,polygon data,1980-2013,,
Tunisia,Tunisia 1.2,8.626143475,35.33665931,Leishmania major,Cutaneous leishmaniasis,polygon data,1980-2013,,
Tunisia,Tunisia 1.2,8.900818517,35.56041941,Leishmania major,Cutaneous leishmaniasis,polygon data,1980-2013,,
Tunisia,Tunisia 1.2,9.656174882,35.56041941,Leishmania major,Cutaneous leishmaniasis,polygon data,1980-2013,,
Tunisia,Tunisia 1.2,10.13685621,35.50453772,Leishmania major,Cutaneous leishmaniasis,polygon data,1980-2013,,
Tunisia,Tunisia 1.2,10.20552497,35.28062214,Leishmania major,Cutaneous leishmaniasis,polygon data,1980-2013,,
Tunisia,Tunisia 1.2,10.51453439,35.28062214,Leishmania major,Cutaneous leishmaniasis,polygon data,1980-2013,,
Tunisia,Tunisia 1.2,10.48020001,35.50453772,Leishmania major,Cutaneous leishmaniasis,polygon data,1980-2013,,
Tunisia,Tunisia 1.2,10.72054067,35.47658229,Leishmania major,Cutaneous leishmaniasis,polygon data,1980-2013,,
Tunisia,Tunisia 1.2,11.02955009,35.61626216,Leishmania major,Cutaneous leishmaniasis,polygon data,1980-2013,,
Tunisia,Tunisia 1.2,10.96088133,35.33665931,Leishmania major,Cutaneous leishmaniasis,polygon data,1980-2013,,
Tunisia,Tunisia 1.2,10.75487505,34.83093014,Leishmania major,Cutaneous leishmaniasis,polygon data,1980-2013,,
Tunisia,Tunisia 1.2,10.61753753,34.60515723,Leishmania major,Cutaneous leishmaniasis,polygon data,1980-2013,,
Tunisia,Tunisia 1.2,10.13685621,34.40710095,Leishmania major,Cutaneous leishmaniasis,polygon data,1980-2013,,
Tunisia,Tunisia 1.2,10.03385306,34.15176671,Leishmania major,Cutaneous leishmaniasis,polygon data,1980-2013,,
Tunisia,Tunisia 1.2,10.10252183,33.75304222,Leishmania major,Cutaneous leishmaniasis,polygon data,1980-2013,,
Tunisia,Tunisia 1.2,9.621840502,34.09492053,Leishmania major,Cutaneous leishmaniasis,polygon data,1980-2013,,
Tunisia,Tunisia 1.2,9.484502981,34.46373648,Leishmania major,Cutaneous leishmaniasis,polygon data,1980-2013,,
Tunisia,Tunisia 1.2,9.38149984,34.66165823,Leishmania major,Cutaneous leishmaniasis,polygon data,1980-2013,,
Tunisia,Tunisia 1.2,9.175493559,34.66165823,Leishmania major,Cutaneous leishmaniasis,polygon data,1980-2013,,
Tunisia,Tunisia 1.2,9.175493559,34.5203336,Leishmania major,Cutaneous leishmaniasis,polygon data,1980-2013,,
Tunisia,Tunisia 1.2,9.31283108,34.43542351,Leishmania major,Cutaneous leishmaniasis,polygon data,1980-2013,,
Tunisia,Tunisia 1.2,9.244162319,34.3787688,Leishmania major,Cutaneous leishmaniasis,polygon data,1980-2013,,
Tunisia,Tunisia 1.2,9.450168601,34.54861776,Leishmania major,Cutaneous leishmaniasis,polygon data,1980-2013,,
Tunisia,Tunisia 1.2,9.587506122,34.1233484,Leishmania major,Cutaneous leishmaniasis,polygon data,1980-2013,,
Tunisia,Tunisia 1.2,10.06818744,33.75304222,Leishmania major,Cutaneous leishmaniasis,polygon data,1980-2013,,
Tunisia,Tunisia 1.2,10.58320315,33.29507663,Leishmania major,Cutaneous leishmaniasis,polygon data,1980-2013,,
Tunisia,Tunisia 1.2,10.75487505,33.35245484,Leishmania major,Cutaneous leishmaniasis,polygon data,1980-2013,,
Tunisia,Tunisia 1.2,11.09821885,33.00761981,Leishmania major,Cutaneous leishmaniasis,polygon data,1980-2013,,
Tunisia,Tunisia 1.2,11.47589703,32.77697742,Leishmania major,Cutaneous leishmaniasis,polygon data,1980-2013,,
Tunisia,Tunisia 1.2,11.47589703,32.54573567,Leishmania major,Cutaneous leishmaniasis,polygon data,1980-2013,,
Tunisia,Tunisia 1.2,11.40722827,32.48783184,Leishmania major,Cutaneous leishmaniasis,polygon data,1980-2013,,
Tunisia,Tunisia 1.2,11.20122199,32.51678842,Leishmania major,Cutaneous leishmaniasis,polygon data,1980-2013,,
Tunisia,Tunisia 1.2,10.96088133,32.60360218,Leishmania major,Cutaneous leishmaniasis,polygon data,1980-2013,,
Tunisia,Tunisia 1.2,10.75487505,32.54573567,Leishmania major,Cutaneous leishmaniasis,polygon data,1980-2013,,
Tunisia,Tunisia 1.2,10.65187191,32.48783184,Leishmania major,Cutaneous leishmaniasis,polygon data,1980-2013,,
Tunisia,Tunisia 1.2,10.54886877,32.40090619,Leishmania major,Cutaneous leishmaniasis,polygon data,1980-2013,,
Tunisia,Tunisia 1.2,10.54886877,32.31389677,Leishmania major,Cutaneous leishmaniasis,polygon data,1980-2013,,
Tunisia,Tunisia 1.2,10.20552497,32.31389677,Leishmania major,Cutaneous leishmaniasis,polygon data,1980-2013,,
Tunisia,Tunisia 1.2,9.690509262,32.31389677,Leishmania major,Cutaneous leishmaniasis,polygon data,1980-2013,,
Tunisia,Tunisia 1.2,9.175493559,32.28487503,Leishmania major,Cutaneous leishmaniasis,polygon data,1980-2013,,
Tunisia,Tunisia 1.2,8.935152897,32.31389677,Leishmania major,Cutaneous leishmaniasis,polygon data,1980-2013,,
Tunisia,Tunisia 1.2,8.488805954,32.51678842,Leishmania major,Cutaneous leishmaniasis,polygon data,1980-2013,,
Tunisia,Tunisia 1.2,8.420137194,32.80584054,Leishmania major,Cutaneous leishmaniasis,polygon data,1980-2013,,
Tunisia,Tunisia 1.2,8.282799673,33.00761981,Leishmania major,Cutaneous leishmaniasis,polygon data,1980-2013,,
Tunisia,Tunisia 1.2,8.145462152,33.12271556,Leishmania major,Cutaneous leishmaniasis,polygon data,1980-2013,,
Tunisia,Tunisia 1.2,7.87078711,33.29507663,Leishmania major,Cutaneous leishmaniasis,polygon data,1980-2013,,
Tunisia,Tunisia 1.2,7.80211835,33.6387783,Leishmania major,Cutaneous leishmaniasis,polygon data,1980-2013,,
Tunisia,Tunisia 1.2,7.733449589,33.952638,Leishmania major,Cutaneous leishmaniasis,polygon data,1980-2013,,
Tunisia,Tunisia 1.2,7.699115209,34.23696429,Leishmania major,Cutaneous leishmaniasis,polygon data,1980-2013,,
Tunisia,Tunisia 1.2,7.87078711,34.26534435,Leishmania major,Cutaneous leishmaniasis,polygon data,1980-2013,,
Tunisia,Tunisia 1.2,8.145462152,34.06648311,Leishmania major,Cutaneous leishmaniasis,polygon data,1980-2013,,
Tunisia,Tunisia 1.2,8.488805954,34.06648311,Leishmania major,Cutaneous leishmaniasis,polygon data,1980-2013,,
Tunisia,Tunisia 1.2,8.557474715,34.26534435,Leishmania major,Cutaneous leishmaniasis,polygon data,1980-2013,,
Tunisia,Tunisia 1.2,8.385802813,34.35042706,Leishmania major,Cutaneous leishmaniasis,polygon data,1980-2013,,
Tunisia,Tunisia 1.2,8.282799673,34.35042706,Leishmania major,Cutaneous leishmaniasis,polygon data,1980-2013,,
Tunisia,Tunisia 1.2,8.042459011,34.35042706,Leishmania major,Cutaneous leishmaniasis,polygon data,1980-2013,,
Tunisia,Tunisia 1.2,8.145462152,34.5768923,Leishmania major,Cutaneous leishmaniasis,polygon data,1980-2013,,
Tunisia,Tunisia 1.2,8.351468433,34.80274225,Leishmania major,Cutaneous leishmaniasis,polygon data,1980-2013,,
Tunisia,Tunisia 1.2,8.385802813,34.99985479,Leishmania major,Cutaneous leishmaniasis,polygon data,1980-2013,,
Tunisia,Tunisia 1.2,8.454471574,35.14035951,Leishmania major,Cutaneous leishmaniasis,polygon data,1980-2013,,
Tunisia,Tunisia 1.2,8.523140334,35.22454617,Leishmania major,Cutaneous leishmaniasis,polygon data,1980-2013,,
Tunisia,Tunisia 1.2,8.626143475,35.33665931,Leishmania major,Cutaneous leishmaniasis,polygon data,1980-2013,,
Libya,Libya 1,13.08961291,31.49779117,Leishmania major,Cutaneous leishmaniasis,polygon data,1980-2013,,
Libya,Libya 1,13.02094414,32.02326186,Leishmania major,Cutaneous leishmaniasis,polygon data,1980-2013,,
Libya,Libya 1,12.54026282,32.54573567,Leishmania major,Cutaneous leishmaniasis,polygon data,1980-2013,,
Libya,Libya 1,14.11964431,32.60360218,Leishmania major,Cutaneous leishmaniasis,polygon data,1980-2013,,
Libya,Libya 1,14.60032564,32.42989072,Leishmania major,Cutaneous leishmaniasis,polygon data,1980-2013,,
Libya,Libya 1,15.14967572,32.02326186,Leishmania major,Cutaneous leishmaniasis,polygon data,1980-2013,,
Libya,Libya 1,15.63035704,31.43922172,Leishmania major,Cutaneous leishmaniasis,polygon data,1980-2013,,
Libya,Libya 1,15.90503208,31.08703724,Leishmania major,Cutaneous leishmaniasis,polygon data,1980-2013,,
Libya,Libya 1,16.86639473,30.85151924,Leishmania major,Cutaneous leishmaniasis,polygon data,1980-2013,,
Libya,Libya 1,17.55308234,30.73354268,Leishmania major,Cutaneous leishmaniasis,polygon data,1980-2013,,
Libya,Libya 1,18.10243242,30.61542152,Leishmania major,Cutaneous leishmaniasis,polygon data,1980-2013,,
Libya,Libya 1,19.40713887,30.26019367,Leishmania major,Cutaneous leishmaniasis,polygon data,1980-2013,,
Libya,Libya 1,19.54447639,30.14149737,Leishmania major,Cutaneous leishmaniasis,polygon data,1980-2013,,
Libya,Libya 1,20.02515771,30.43796936,Leishmania major,Cutaneous leishmaniasis,polygon data,1980-2013,,
Libya,Libya 1,20.43717027,31.08703724,Leishmania major,Cutaneous leishmaniasis,polygon data,1980-2013,,
Libya,Libya 1,20.43717027,31.61482004,Leishmania major,Cutaneous leishmaniasis,polygon data,1980-2013,,
Libya,Libya 1,20.9178516,31.96502373,Leishmania major,Cutaneous leishmaniasis,polygon data,1980-2013,,
Libya,Libya 1,21.32986416,32.42989072,Leishmania major,Cutaneous leishmaniasis,polygon data,1980-2013,,
Libya,Libya 1,22.08522053,32.54573567,Leishmania major,Cutaneous leishmaniasis,polygon data,1980-2013,,
Libya,Libya 1,23.04658317,32.255844,Leishmania major,Cutaneous leishmaniasis,polygon data,1980-2013,,
Libya,Libya 1,22.90924565,32.08146298,Leishmania major,Cutaneous leishmaniasis,polygon data,1980-2013,,
Libya,Libya 1,22.49723309,31.55632396,Leishmania major,Cutaneous leishmaniasis,polygon data,1980-2013,,
Libya,Libya 1,22.08522053,30.79254906,Leishmania major,Cutaneous leishmaniasis,polygon data,1980-2013,,
Libya,Libya 1,21.81054548,30.02265811,Leishmania major,Cutaneous leishmaniasis,polygon data,1980-2013,,
Libya,Libya 1,21.6045392,29.42632957,Leishmania major,Cutaneous leishmaniasis,polygon data,1980-2013,,
Libya,Libya 1,21.46720168,29.1868096,Leishmania major,Cutaneous leishmaniasis,polygon data,1980-2013,,
Libya,Libya 1,20.5745078,28.52524785,Leishmania major,Cutaneous leishmaniasis,polygon data,1980-2013,,
Libya,Libya 1,20.43717027,28.40451317,Leishmania major,Cutaneous leishmaniasis,polygon data,1980-2013,,
Libya,Libya 1,20.23116399,27.49463914,Leishmania major,Cutaneous leishmaniasis,polygon data,1980-2013,,
Libya,Libya 1,19.95648895,27.372746,Leishmania major,Cutaneous leishmaniasis,polygon data,1980-2013,,
Libya,Libya 1,19.47580763,27.1285569,Leishmania major,Cutaneous leishmaniasis,polygon data,1980-2013,,
Libya,Libya 1,19.33847011,27.06742599,Leishmania major,Cutaneous leishmaniasis,polygon data,1980-2013,,
Libya,Libya 1,18.3084387,26.88383341,Leishmania major,Cutaneous leishmaniasis,polygon data,1980-2013,,
Libya,Libya 1,17.48441357,27.25071845,Leishmania major,Cutaneous leishmaniasis,polygon data,1980-2013,,
Libya,Libya 1,16.79772597,27.61639747,Leishmania major,Cutaneous leishmaniasis,polygon data,1980-2013,,
Libya,Libya 1,15.97370084,28.28364075,Leishmania major,Cutaneous leishmaniasis,polygon data,1980-2013,,
Libya,Libya 1,15.56168828,28.58556341,Leishmania major,Cutaneous leishmaniasis,polygon data,1980-2013,,
Libya,Libya 1,14.73766316,28.94672903,Leishmania major,Cutaneous leishmaniasis,polygon data,1980-2013,,
Libya,Libya 1,14.05097555,29.36650229,Leishmania major,Cutaneous leishmaniasis,polygon data,1980-2013,,
Libya,Libya 1,13.43295671,30.02265811,Leishmania major,Cutaneous leishmaniasis,polygon data,1980-2013,,
Libya,Libya 1,13.29561919,30.49715608,Leishmania major,Cutaneous leishmaniasis,polygon data,1980-2013,,
Libya,Libya 1,12.67760034,30.55630682,Leishmania major,Cutaneous leishmaniasis,polygon data,1980-2013,,
Libya,Libya 1,11.92224398,31.14582586,Leishmania major,Cutaneous leishmaniasis,polygon data,1980-2013,,
Libya,Libya 1,11.64756894,31.38061564,Leishmania major,Cutaneous leishmaniasis,polygon data,1980-2013,,
Libya,Libya 1,11.64756894,31.79008772,Leishmania major,Cutaneous leishmaniasis,polygon data,1980-2013,,
Libya,Libya 1,12.26558778,31.43922172,Leishmania major,Cutaneous leishmaniasis,polygon data,1980-2013,,
Libya,Libya 1,13.08961291,31.32197298,Leishmania major,Cutaneous leishmaniasis,polygon data,1980-2013,,
Libya,Libya 1,13.08961291,31.55632396,Leishmania major,Cutaneous leishmaniasis,polygon data,1980-2013,,
Libya,Libya 1,13.08961291,31.49779117,Leishmania major,Cutaneous leishmaniasis,polygon data,1980-2013,,
Egypt,Egypt 1,34.30825989,30.68926418,Leishmania major,Cutaneous leishmaniasis,polygon data,1980-2013,,
Egypt,Egypt 1,34.89194435,30.74829767,Leishmania major,Cutaneous leishmaniasis,polygon data,1980-2013,,
Egypt,Egypt 1,35.16661939,30.82203867,Leishmania major,Cutaneous leishmaniasis,polygon data,1980-2013,,
Egypt,Egypt 1,35.59579915,30.88099074,Leishmania major,Cutaneous leishmaniasis,polygon data,1980-2013,,
Egypt,Egypt 1,35.73313667,30.93990656,Leishmania major,Cutaneous leishmaniasis,polygon data,1980-2013,,
Egypt,Egypt 1,35.78463824,30.73354268,Leishmania major,Cutaneous leishmaniasis,polygon data,1980-2013,,
Egypt,Egypt 1,36.05931328,30.55630682,Leishmania major,Cutaneous leishmaniasis,polygon data,1980-2013,,
Egypt,Egypt 1,36.05931328,30.48236277,Leishmania major,Cutaneous leishmaniasis,polygon data,1980-2013,,
Egypt,Egypt 1,35.93914295,30.43796936,Leishmania major,Cutaneous leishmaniasis,polygon data,1980-2013,,
Egypt,Egypt 1,35.73313667,30.43796936,Leishmania major,Cutaneous leishmaniasis,polygon data,1980-2013,,
Egypt,Egypt 1,35.81897262,30.17118486,Leishmania major,Cutaneous leishmaniasis,polygon data,1980-2013,,
Egypt,Egypt 1,35.88764138,30.06723957,Leishmania major,Cutaneous leishmaniasis,polygon data,1980-2013,,
Egypt,Egypt 1,35.88764138,30.05238131,Leishmania major,Cutaneous leishmaniasis,polygon data,1980-2013,,
Egypt,Egypt 1,36.12798204,29.97805661,Leishmania major,Cutaneous leishmaniasis,polygon data,1980-2013,,
Egypt,Egypt 1,36.12798204,30.02265811,Leishmania major,Cutaneous leishmaniasis,polygon data,1980-2013,,
Egypt,Egypt 1,36.09364766,30.15634223,Leishmania major,Cutaneous leishmaniasis,polygon data,1980-2013,,
Egypt,Egypt 1,36.09364766,30.30466786,Leishmania major,Cutaneous leishmaniasis,polygon data,1980-2013,,
Egypt,Egypt 1,36.09364766,30.40836251,Leishmania major,Cutaneous leishmaniasis,polygon data,1980-2013,,
Egypt,Egypt 1,36.21381799,30.34912189,Leishmania major,Cutaneous leishmaniasis,polygon data,1980-2013,,
Egypt,Egypt 1,36.23098518,30.23053302,Leishmania major,Cutaneous leishmaniasis,polygon data,1980-2013,,
Egypt,Egypt 1,36.29965394,30.11180094,Leishmania major,Cutaneous leishmaniasis,polygon data,1980-2013,,
Egypt,Egypt 1,36.31682113,30.02265811,Leishmania major,Cutaneous leishmaniasis,polygon data,1980-2013,,
Egypt,Egypt 1,36.35115551,29.93343507,Leishmania major,Cutaneous leishmaniasis,polygon data,1980-2013,,
Egypt,Egypt 1,36.40265708,29.88879351,Leishmania major,Cutaneous leishmaniasis,polygon data,1980-2013,,
Egypt,Egypt 1,36.43699146,29.76965161,Leishmania major,Cutaneous leishmaniasis,polygon data,1980-2013,,
Egypt,Egypt 1,36.47132584,29.7249368,Leishmania major,Cutaneous leishmaniasis,polygon data,1980-2013,,
Egypt,Egypt 1,36.5399946,29.60559991,Leishmania major,Cutaneous leishmaniasis,polygon data,1980-2013,,
Egypt,Egypt 1,36.5399946,29.56081211,Leishmania major,Cutaneous leishmaniasis,polygon data,1980-2013,,
Egypt,Egypt 1,36.5399946,29.54587842,Leishmania major,Cutaneous leishmaniasis,polygon data,1980-2013,,
Egypt,Egypt 1,36.48849303,29.50106413,Leishmania major,Cutaneous leishmaniasis,polygon data,1980-2013,,
Egypt,Egypt 1,36.31682113,29.53094253,Leishmania major,Cutaneous leishmaniasis,polygon data,1980-2013,,
Egypt,Egypt 1,36.31682113,29.39642033,Leishmania major,Cutaneous leishmaniasis,polygon data,1980-2013,,
Egypt,Egypt 1,36.38548989,29.33657546,Leishmania major,Cutaneous leishmaniasis,polygon data,1980-2013,,
Egypt,Egypt 1,36.3683227,29.29166874,Leishmania major,Cutaneous leishmaniasis,polygon data,1980-2013,,
Egypt,Egypt 1,36.38548989,29.20179605,Leishmania major,Cutaneous leishmaniasis,polygon data,1980-2013,,
Egypt,Egypt 1,36.43699146,29.1868096,Leishmania major,Cutaneous leishmaniasis,polygon data,1980-2013,,
Egypt,Egypt 1,36.50566022,29.1268419,Leishmania major,Cutaneous leishmaniasis,polygon data,1980-2013,,
Egypt,Egypt 1,36.57432898,29.11184451,Leishmania major,Cutaneous leishmaniasis,polygon data,1980-2013,,
Egypt,Egypt 1,36.57432898,29.09684493,Leishmania major,Cutaneous leishmaniasis,polygon data,1980-2013,,
Egypt,Egypt 1,36.64299774,29.15683013,Leishmania major,Cutaneous leishmaniasis,polygon data,1980-2013,,
Egypt,Egypt 1,36.76316807,29.1868096,Leishmania major,Cutaneous leishmaniasis,polygon data,1980-2013,,
Egypt,Egypt 1,36.78033526,29.14183711,Leishmania major,Cutaneous leishmaniasis,polygon data,1980-2013,,
Egypt,Egypt 1,36.78033526,29.03682476,Leishmania major,Cutaneous leishmaniasis,polygon data,1980-2013,,
Egypt,Egypt 1,36.78033526,28.97676966,Leishmania major,Cutaneous leishmaniasis,polygon data,1980-2013,,
Egypt,Egypt 1,36.76316807,28.94672903,Leishmania major,Cutaneous leishmaniasis,polygon data,1980-2013,,
Egypt,Egypt 1,36.76316807,28.90165174,Leishmania major,Cutaneous leishmaniasis,polygon data,1980-2013,,
Egypt,Egypt 1,36.7116665,28.85655487,Leishmania major,Cutaneous leishmaniasis,polygon data,1980-2013,,
Egypt,Egypt 1,36.62583055,28.85655487,Leishmania major,Cutaneous leishmaniasis,polygon data,1980-2013,,
Egypt,Egypt 1,36.52282741,28.85655487,Leishmania major,Cutaneous leishmaniasis,polygon data,1980-2013,,
Egypt,Egypt 1,36.41982427,28.84151823,Leishmania major,Cutaneous leishmaniasis,polygon data,1980-2013,,
Egypt,Egypt 1,36.41982427,28.73620094,Leishmania major,Cutaneous leishmaniasis,polygon data,1980-2013,,
Egypt,Egypt 1,36.40265708,28.67597191,Leishmania major,Cutaneous leishmaniasis,polygon data,1980-2013,,
Egypt,Egypt 1,36.38548989,28.52524785,Leishmania major,Cutaneous leishmaniasis,polygon data,1980-2013,,
Egypt,Egypt 1,36.38548989,28.38941164,Leishmania major,Cutaneous leishmaniasis,polygon data,1980-2013,,
Egypt,Egypt 1,36.3683227,28.19289628,Leishmania major,Cutaneous leishmaniasis,polygon data,1980-2013,,
Egypt,Egypt 1,36.3683227,28.10207469,Leishmania major,Cutaneous leishmaniasis,polygon data,1980-2013,,
Egypt,Egypt 1,36.33398832,27.98085959,Leishmania major,Cutaneous leishmaniasis,polygon data,1980-2013,,
Egypt,Egypt 1,36.33398832,27.95053449,Leishmania major,Cutaneous leishmaniasis,polygon data,1980-2013,,
Egypt,Egypt 1,36.16231642,28.05663504,Leishmania major,Cutaneous leishmaniasis,polygon data,1980-2013,,
Egypt,Egypt 1,36.14514923,28.10207469,Leishmania major,Cutaneous leishmaniasis,polygon data,1980-2013,,
Egypt,Egypt 1,36.12798204,28.16263097,Leishmania major,Cutaneous leishmaniasis,polygon data,1980-2013,,
Egypt,Egypt 1,35.99064452,28.28364075,Leishmania major,Cutaneous leishmaniasis,polygon data,1980-2013,,
Egypt,Egypt 1,35.90480857,28.34409416,Leishmania major,Cutaneous leishmaniasis,polygon data,1980-2013,,
Egypt,Egypt 1,35.78463824,28.35920214,Leishmania major,Cutaneous leishmaniasis,polygon data,1980-2013,,
Egypt,Egypt 1,35.73313667,28.46489775,Leishmania major,Cutaneous leishmaniasis,polygon data,1980-2013,,
Egypt,Egypt 1,35.69880229,28.49507711,Leishmania major,Cutaneous leishmaniasis,polygon data,1980-2013,,
Egypt,Egypt 1,35.64730072,28.54032998,Leishmania major,Cutaneous leishmaniasis,polygon data,1980-2013,,
Egypt,Egypt 1,35.57863196,28.58556341,Leishmania major,Cutaneous leishmaniasis,polygon data,1980-2013,,
Egypt,Egypt 1,35.57863196,28.58556341,Leishmania major,Cutaneous leishmaniasis,polygon data,1980-2013,,
Egypt,Egypt 1,35.54429758,28.76630245,Leishmania major,Cutaneous leishmaniasis,polygon data,1980-2013,,
Egypt,Egypt 1,35.45846163,28.88662163,Leishmania major,Cutaneous leishmaniasis,polygon data,1980-2013,,
Egypt,Egypt 1,35.37262567,28.97676966,Leishmania major,Cutaneous leishmaniasis,polygon data,1980-2013,,
Egypt,Egypt 1,35.35545848,29.05183307,Leishmania major,Cutaneous leishmaniasis,polygon data,1980-2013,,
Egypt,Egypt 1,35.23528815,29.23176239,Leishmania major,Cutaneous leishmaniasis,polygon data,1980-2013,,
Egypt,Egypt 1,35.1494522,29.33657546,Leishmania major,Cutaneous leishmaniasis,polygon data,1980-2013,,
Egypt,Egypt 1,35.04644906,29.45623,Leishmania major,Cutaneous leishmaniasis,polygon data,1980-2013,,
Egypt,Egypt 1,34.96061311,29.56081211,Leishmania major,Cutaneous leishmaniasis,polygon data,1980-2013,,
Egypt,Egypt 1,34.78894121,29.63544741,Leishmania major,Cutaneous leishmaniasis,polygon data,1980-2013,,
Egypt,Egypt 1,34.6344365,29.82924031,Leishmania major,Cutaneous leishmaniasis,polygon data,1980-2013,,
Egypt,Egypt 1,34.6344365,29.91855677,Leishmania major,Cutaneous leishmaniasis,polygon data,1980-2013,,
Egypt,Egypt 1,34.47993179,30.15634223,Leishmania major,Cutaneous leishmaniasis,polygon data,1980-2013,,
Egypt,Egypt 1,34.47993179,30.26019367,Leishmania major,Cutaneous leishmaniasis,polygon data,1980-2013,,
Egypt,Egypt 1,34.34259427,30.37874669,Leishmania major,Cutaneous leishmaniasis,polygon data,1980-2013,,
Egypt,Egypt 1,34.25675832,30.52673595,Leishmania major,Cutaneous leishmaniasis,polygon data,1980-2013,,
Egypt,Egypt 1,34.25675832,30.60064623,Leishmania major,Cutaneous leishmaniasis,polygon data,1980-2013,,
Egypt,Egypt 1,34.25675832,30.70402594,Leishmania major,Cutaneous leishmaniasis,polygon data,1980-2013,,
Egypt,Egypt 1,34.4627646,30.71878544,Leishmania major,Cutaneous leishmaniasis,polygon data,1980-2013,,
Egypt,Egypt 1,34.30825989,30.68926418,Leishmania major,Cutaneous leishmaniasis,polygon data,1980-2013,,
Morocco,Morocco,-4.283851729,34.75449217,Leishmania tropica,Cutaneous leishmaniasis,point data,1980-2013,,
Morocco,Morocco,-4.535637184,33.74226209,Leishmania tropica,Cutaneous leishmaniasis,point data,1980-2013,,
Morocco,Morocco,-5.675824728,33.81955168,Leishmania tropica,Cutaneous leishmaniasis,point data,1980-2013,,
Morocco,Morocco,-6.306718964,32.04501583,Leishmania tropica,Cutaneous leishmaniasis,point data,1980-2013,,
Morocco,Morocco,-7.737318141,32.9559427,Leishmania tropica,Cutaneous leishmaniasis,point data,1980-2013,,
Morocco,Morocco,-8.853185498,30.44405924,Leishmania tropica,Cutaneous leishmaniasis,point data,1980-2013,,
Morocco,Morocco,-9.305254838,30.96559415,Leishmania tropica,Cutaneous leishmaniasis,point data,1980-2013,,
Morocco,Morocco,-9.656466936,30.56115743,Leishmania tropica,Cutaneous leishmaniasis,point data,1980-2013,,
Algeria,Algeria,3.982150312,32.30414831,Leishmania tropica,Cutaneous leishmaniasis,point data,1980-2013,,
Algeria,Algeria,3.930648741,33.06511157,Leishmania tropica,Cutaneous leishmaniasis,point data,1980-2013,,
Tunisia,Tunisia,10.28787383,35.48437293,Leishmania tropica,Cutaneous leishmaniasis,point data,1980-2013,,
Tunisia,Tunisia,9.279659061,34.53204617,Leishmania tropica,Cutaneous leishmaniasis,point data,1980-2013,,
Tunisia,Tunisia,10.99351687,32.35854487,Leishmania tropica,Cutaneous leishmaniasis,point data,1980-2013,,
Tunisia,Tunisia,8.331171807,34.20495134,Leishmania tropica,Cutaneous leishmaniasis,point data,1980-2013,,
Libya,Libya,14.87151359,30.98000685,Leishmania tropica,Cutaneous leishmaniasis,point data,1980-2013,,
Libya,Libya,12.33935305,31.88572109,Leishmania tropica,Cutaneous leishmaniasis,point data,1980-2013,,
Libya,Egypt,35.92993347,30.28575335,Leishmania tropica,Cutaneous leishmaniasis,point data,1980-2013,,
Egypt,Egypt,36.50932613,29.32745538,Leishmania tropica,Cutaneous leishmaniasis,point data,1980-2013,,